tag,jobs_completed,makespan_s,wait_avg,wait_min,wait_p25,wait_p50,wait_p75,wait_p80,wait_p90,wait_p95,wait_p99,wait_max,bsld_avg,bsld_min,bsld_p25,bsld_p50,bsld_p75,bsld_p80,bsld_p90,bsld_p95,bsld_p99,bsld_max,total_util
FCFS,52616,37604335,53993.02,0.00,0.00,12481.00,62239.00,82082.00,179592.50,254251.50,390469.45,1538336.00,8.19,1.00,1.00,2.64,8.01,10.07,16.62,26.74,93.65,2142.48,0.7654
SJF-w2,52616,37600805,49371.02,0.00,0.00,10810.00,56423.25,74054.00,160469.00,222328.00,396857.10,1628697.00,7.50,1.00,1.00,2.41,7.31,9.04,15.56,25.15,82.69,1842.72,0.7654
SJF-w4,52616,37621110,44665.68,0.00,0.00,10608.00,45304.75,64991.00,132564.00,217296.00,364864.90,1673306.00,6.77,1.00,1.00,2.27,6.58,8.41,13.55,22.28,67.53,1334.40,0.7650
SJF-w8,52616,37655192,39904.25,0.00,0.00,8572.00,41255.75,56993.00,117107.50,178069.75,395104.15,1666795.00,6.28,1.00,1.00,1.99,5.71,7.08,12.66,24.62,61.60,1157.96,0.7643
SJF-w16,52616,37624519,36751.01,0.00,0.00,6198.50,32358.25,44320.00,107845.50,172620.00,377900.20,1895139.00,5.03,1.00,1.00,1.78,4.89,6.23,9.93,15.63,50.03,633.97,0.7650
SJF-w32,52616,37650167,32295.50,0.00,0.00,3599.00,21517.75,30309.00,73893.00,153114.00,456101.95,2006461.00,3.78,1.00,1.00,1.49,3.52,4.42,7.92,11.87,30.46,574.35,0.7644
SJF-w64,52616,37650521,26132.01,0.00,0.00,2239.00,14684.00,21351.00,46215.00,85732.75,403847.75,4850170.00,2.74,1.00,1.00,1.29,2.56,3.16,5.26,8.12,20.80,358.35,0.7644
SJF-w128,52616,37650521,25218.39,0.00,0.00,1668.50,12104.00,16996.00,39605.00,72499.00,427958.95,5308293.00,2.46,1.00,1.00,1.21,2.28,2.80,4.57,7.18,19.16,127.61,0.7644
SJF-w256,52616,37650521,25226.12,0.00,0.00,1617.50,11460.75,16562.00,38302.50,74793.00,474397.40,4422151.00,2.37,1.00,1.00,1.20,2.24,2.68,4.60,6.59,19.27,144.46,0.7644
SJF-w512,52616,37650521,26143.02,0.00,0.00,1526.00,11460.50,16491.00,39901.00,76513.25,454471.75,4436159.00,2.35,1.00,1.00,1.18,2.27,2.74,4.58,6.71,17.18,144.46,0.7644
SJF-w1024,52616,37650521,26143.02,0.00,0.00,1526.00,11460.50,16491.00,39901.00,76513.25,454471.75,4436159.00,2.35,1.00,1.00,1.18,2.27,2.74,4.58,6.71,17.18,144.46,0.7644
LJF-w2,52616,37609737,52796.29,0.00,0.00,12159.50,59981.75,80813.00,172823.50,248965.00,383301.30,2644755.00,8.14,1.00,1.00,2.57,7.85,9.93,15.90,26.00,89.36,2161.72,0.7653
LJF-w4,52616,37596218,50821.68,0.00,0.00,10885.50,53733.00,74517.00,161103.00,247639.50,402888.10,2992175.00,8.24,1.00,1.00,2.42,7.18,9.24,15.84,27.09,90.93,1380.32,0.7655
LJF-w8,52616,37594123,50921.05,0.00,0.00,10612.50,54431.25,77076.00,157777.00,239530.25,421499.95,3764151.00,8.62,1.00,1.00,2.34,6.76,8.64,15.56,29.11,98.34,2109.74,0.7656
LJF-w16,52616,37560167,51599.30,0.00,0.00,10439.00,54797.25,73631.00,159774.00,241425.00,415744.65,3776477.00,9.56,1.00,1.00,2.37,7.07,9.22,17.16,33.08,108.38,1996.56,0.7663
LJF-w32,52616,37546356,53496.24,0.00,0.00,9357.50,55615.25,77064.00,157701.50,240686.50,483828.10,4264687.00,10.12,1.00,1.00,2.17,6.89,9.02,17.60,33.59,128.02,1950.52,0.7666
LJF-w64,52616,37554136,56036.39,0.00,0.00,8829.50,52597.50,74900.00,153837.50,248194.00,574079.80,3776328.00,11.51,1.00,1.00,2.09,6.73,8.72,18.41,35.00,145.87,1995.96,0.7664
LJF-w128,52616,37553644,63423.73,0.00,0.00,9563.00,54319.25,75720.00,177794.50,279310.75,686626.50,3763584.00,13.98,1.00,1.00,2.11,7.50,9.76,19.49,41.89,177.41,2198.99,0.7664
LJF-w256,52616,37555473,73188.49,0.00,0.00,9280.00,57116.00,77104.00,172807.00,304125.25,848253.05,3740995.00,17.81,1.00,1.00,2.06,7.57,10.37,24.41,56.59,240.62,2079.33,0.7664
LJF-w512,52616,37555473,80176.93,0.00,0.00,9537.50,61830.25,90037.00,185419.00,316123.25,906913.50,3938725.00,21.04,1.00,1.00,2.00,8.24,10.94,29.18,86.28,265.48,2713.80,0.7664
LJF-w1024,52616,37555473,76575.05,0.00,0.00,9269.50,53812.75,74091.00,174967.50,305410.00,958581.00,3918665.00,19.49,1.00,1.00,1.96,7.76,10.52,26.28,60.05,269.70,2224.72,0.7664
SRF-w2,52616,37611467,48436.68,0.00,0.00,12226.00,50858.00,68282.00,153187.00,244781.75,363195.15,2545467.00,7.82,1.00,1.00,2.50,6.92,9.49,16.00,25.69,87.10,1370.00,0.7652
SRF-w4,52616,37610778,42368.63,0.00,0.00,9651.50,46410.50,62485.00,123062.00,213652.00,335512.10,3116833.00,7.16,1.00,1.00,2.10,6.18,7.95,13.86,22.55,79.20,1732.57,0.7652
SRF-w8,52616,37647266,36570.50,0.00,0.00,6714.50,35972.25,48167.00,100127.00,183525.00,322243.35,3436048.00,6.51,1.00,1.00,1.77,4.86,6.26,12.39,21.36,74.12,1749.61,0.7645
SRF-w16,52616,37671267,31493.05,0.00,0.00,4031.00,27372.25,38264.00,82185.50,139074.25,309289.55,3509421.00,6.26,1.00,1.00,1.44,4.18,5.54,10.80,19.25,73.97,1773.61,0.7640
SRF-w32,52616,37644016,27975.83,0.00,0.00,2716.00,17510.00,24772.00,62039.00,120849.25,363108.75,3616225.00,5.94,1.00,1.00,1.27,3.22,4.33,8.42,15.38,82.62,1836.00,0.7646
SRF-w64,52616,37644281,25257.89,0.00,0.00,1749.50,12231.00,17166.00,45212.50,91635.50,444040.90,3969987.00,5.62,1.00,1.00,1.17,2.36,3.05,6.28,11.93,72.20,2049.50,0.7646
SRF-w128,52616,37644281,24019.38,0.00,0.00,1169.50,10646.00,14471.00,37088.50,72053.00,488839.60,3970909.00,5.47,1.00,1.00,1.12,2.12,2.76,5.46,9.99,72.04,2049.50,0.7646
SRF-w256,52616,37644281,23898.11,0.00,0.00,797.00,9604.50,13022.00,31943.50,63249.00,505224.20,4065168.00,5.49,1.00,1.00,1.09,1.96,2.31,4.43,8.43,72.46,2198.52,0.7646
SRF-w512,52616,37644281,23903.80,0.00,0.00,794.00,9604.00,13069.00,32304.00,63224.50,505224.20,4065168.00,5.49,1.00,1.00,1.09,1.96,2.32,4.42,8.45,72.46,2198.52,0.7646
SRF-w1024,52616,37644281,23903.80,0.00,0.00,794.00,9604.00,13069.00,32304.00,63224.50,505224.20,4065168.00,5.49,1.00,1.00,1.09,1.96,2.32,4.42,8.45,72.46,2198.52,0.7646
LRF-w2,52616,37609761,50712.45,0.00,0.00,10209.00,57574.25,80339.00,162564.00,238994.00,404234.20,1526639.00,7.71,1.00,1.00,2.36,6.92,8.86,14.96,25.22,87.40,2160.57,0.7653
LRF-w4,52616,37594857,50836.78,0.00,0.00,11157.00,57118.25,81737.00,162949.00,238711.75,383324.60,1585497.00,7.68,1.00,1.00,2.52,7.27,9.13,14.34,25.48,84.60,2110.89,0.7656
LRF-w8,52616,37547516,58014.11,0.00,0.00,13561.50,66520.50,91551.00,189736.00,285850.75,432115.05,1534818.00,8.47,1.00,1.00,2.67,8.04,10.23,18.02,28.90,90.98,1953.09,0.7665
LRF-w16,52616,37530463,61214.21,0.00,0.00,14783.00,76588.50,104380.00,201885.00,271107.25,420228.35,1771735.00,9.00,1.00,1.00,2.94,9.05,11.13,18.92,33.73,92.03,1815.07,0.7669
LRF-w32,52616,37530880,65698.77,0.00,3.00,17585.50,86489.75,121939.00,205541.50,282217.75,438885.05,1459778.00,10.06,1.00,1.00,3.19,10.23,12.59,21.58,39.41,90.25,1662.53,0.7669
LRF-w64,52616,37534970,68613.44,0.00,5.00,17034.00,97230.50,128116.00,208658.50,294175.00,465102.70,1897328.00,10.87,1.00,1.00,3.23,10.25,13.18,23.18,43.20,104.41,1499.23,0.7668
LRF-w128,52616,37537987,77105.24,0.00,7.00,19305.50,111060.75,147058.00,230136.50,311550.25,529990.50,1947114.00,12.37,1.00,1.00,3.50,11.85,14.96,27.79,57.95,128.52,1005.35,0.7667
LRF-w256,52616,37548635,90834.62,0.00,259.00,20666.50,132841.75,176646.00,285392.00,385793.00,599393.55,1899846.00,14.39,1.00,1.03,3.68,13.64,16.85,31.80,74.65,153.80,999.12,0.7665
LRF-w512,52616,37548635,106604.56,0.00,19.00,20544.50,139193.25,196630.00,335004.00,486836.50,814985.65,1896576.00,15.92,1.00,1.00,3.73,15.47,20.18,34.57,78.60,154.69,1037.87,0.7665
LRF-w1024,52616,37548635,114972.19,0.00,24.00,19523.50,141463.50,206565.00,342585.50,571866.50,916979.05,1896400.00,18.08,1.00,1.00,3.70,15.27,20.93,37.95,89.60,217.27,1015.74,0.7665
SCF-w2,52616,37611467,46749.40,0.00,0.00,9806.00,51121.50,69918.00,156464.50,220042.00,355230.00,2003907.00,7.20,1.00,1.00,2.21,6.73,8.84,14.55,24.76,82.61,1061.61,0.7652
SCF-w4,52616,37613040,40901.94,0.00,0.00,9081.00,42130.25,56295.00,122392.50,210894.25,332536.20,2328245.00,6.39,1.00,1.00,2.01,5.75,7.42,13.20,21.58,70.20,1732.15,0.7652
SCF-w8,52616,37640047,31669.56,0.00,0.00,5333.00,30551.00,42154.00,85703.50,149666.50,303032.75,3332426.00,5.28,1.00,1.00,1.63,4.46,5.64,10.49,17.93,59.00,1246.10,0.7646
SCF-w16,52616,37658661,27135.34,0.00,0.00,3595.00,21962.50,30707.00,67588.00,120960.50,282275.30,4422151.00,4.56,1.00,1.00,1.42,3.56,4.46,8.50,14.63,50.31,1004.11,0.7643
SCF-w32,52616,37650529,22568.81,0.00,0.00,1991.00,13176.00,19071.00,46934.50,94454.00,238578.65,7062825.00,3.44,1.00,1.00,1.21,2.59,3.27,5.99,10.51,36.75,1003.85,0.7644
SCF-w64,52616,37650529,21006.52,0.00,0.00,1109.00,10177.00,14447.00,35992.00,71914.00,256870.30,7602595.00,2.64,1.00,1.00,1.12,2.05,2.50,4.69,7.77,26.40,224.87,0.7644
SCF-w128,52616,37650529,19575.27,0.00,0.00,672.50,8487.25,11485.00,24850.00,54506.50,281560.65,7740521.00,2.25,1.00,1.00,1.08,1.87,2.15,3.85,6.22,19.48,231.77,0.7644
SCF-w256,52616,37650529,19930.64,0.00,0.00,734.50,8986.00,12009.00,24829.50,52972.50,284786.15,8242201.00,2.24,1.00,1.00,1.09,1.91,2.19,3.93,6.14,18.31,224.87,0.7644
SCF-w512,52616,37650529,19944.07,0.00,0.00,728.00,8917.00,11938.00,25005.00,52972.50,296022.70,8242201.00,2.24,1.00,1.00,1.09,1.91,2.19,3.92,6.13,18.43,224.87,0.7644
SCF-w1024,52616,37650529,19944.07,0.00,0.00,728.00,8917.00,11938.00,25005.00,52972.50,296022.70,8242201.00,2.24,1.00,1.00,1.09,1.91,2.19,3.92,6.13,18.43,224.87,0.7644
LCF-w2,52616,37609737,53498.66,0.00,0.00,13777.50,59650.25,81307.00,170751.50,255411.75,397140.35,1641446.00,8.55,1.00,1.00,2.60,8.24,10.49,17.30,29.32,90.63,2161.72,0.7653
LCF-w4,52616,37596218,51956.30,0.00,0.00,11891.00,58573.50,81401.00,166767.00,244324.50,395587.10,1744333.00,8.40,1.00,1.00,2.55,7.55,9.45,15.97,27.89,93.49,1338.51,0.7655
LCF-w8,52616,37594123,55001.20,0.00,0.00,11558.50,64519.00,91865.00,171028.50,256393.25,437494.65,2630878.00,8.86,1.00,1.00,2.51,7.67,9.63,16.84,28.45,100.29,2109.74,0.7656
LCF-w16,52616,37553635,55105.41,0.00,15.00,12248.50,62745.25,85856.00,167392.00,251502.00,424374.15,2889626.00,9.63,1.00,1.00,2.65,7.65,9.69,17.08,34.68,108.46,1974.78,0.7664
LCF-w32,52616,37560394,61141.71,0.00,0.00,13109.50,73463.25,99056.00,190103.00,262808.25,470567.80,3006946.00,10.42,1.00,1.00,2.67,8.79,11.00,20.37,35.71,118.33,1993.28,0.7663
LCF-w64,52616,37564954,71688.20,0.00,0.00,12783.50,87265.75,122779.00,224732.50,308870.00,566284.80,3003769.00,12.51,1.00,1.00,2.73,9.85,12.53,22.86,45.99,138.37,2272.35,0.7662
LCF-w128,52616,37566495,82599.76,0.00,0.00,13057.00,94385.50,133548.00,256550.00,345088.00,669676.60,3604129.00,15.92,1.00,1.00,2.66,11.03,13.91,25.31,52.35,167.11,2003.29,0.7661
LCF-w256,52616,37566495,92513.02,0.00,0.00,16253.00,94899.50,128629.00,260918.00,389659.25,824220.90,3871329.00,19.70,1.00,1.00,2.92,12.33,15.92,32.28,63.38,221.10,2830.13,0.7661
LCF-w512,52616,37566495,111572.69,0.00,0.00,18112.00,132705.50,187511.00,321168.00,488186.50,994236.65,3695941.00,23.86,1.00,1.00,3.12,14.60,19.07,46.87,122.43,275.84,2539.66,0.7661
LCF-w1024,52616,37566495,124461.87,0.00,0.00,15879.50,119531.50,175465.00,347971.50,557947.00,1360753.55,3750207.00,26.90,1.00,1.00,2.85,14.64,19.47,45.11,107.81,393.68,2488.56,0.7661
LCFS-w2,52616,37599595,48818.55,0.00,0.00,9563.50,53512.00,73049.00,163471.00,239959.25,368241.05,3763584.00,7.34,1.00,1.00,2.17,6.70,8.73,14.24,24.42,83.43,2126.56,0.7655
LCFS-w4,52616,37606331,45524.11,0.00,0.00,8171.50,47819.75,67498.00,143097.00,220111.00,367660.50,4648837.00,7.16,1.00,1.00,2.05,6.07,7.79,13.61,23.52,82.88,2148.94,0.7653
LCFS-w8,52616,37597990,40032.31,0.00,0.00,5858.50,37704.25,54157.00,123600.00,204940.75,324470.10,8642467.00,6.44,1.00,1.00,1.75,5.37,6.77,11.87,20.55,74.41,1709.67,0.7655
LCFS-w16,52616,37563097,33731.31,0.00,0.00,4664.50,29402.00,42785.00,93627.50,151306.50,352210.95,8598986.00,5.70,1.00,1.00,1.52,4.38,5.64,9.88,17.40,61.23,2360.43,0.7662
LCFS-w32,52616,37665824,27988.78,0.00,0.00,2280.00,17220.50,24490.00,64358.50,115433.50,295707.70,8999031.00,4.81,1.00,1.00,1.27,3.06,4.05,8.22,15.83,52.06,2382.51,0.7641
LCFS-w64,52616,37616430,24046.06,0.00,0.00,1226.50,10819.50,16076.00,40935.50,79223.25,289666.30,9244548.00,3.78,1.00,1.00,1.13,2.24,3.02,6.00,10.49,36.02,2445.85,0.7651
LCFS-w128,52616,37616430,24115.33,0.00,0.00,761.00,9106.25,13606.00,35425.50,63513.50,328980.25,9292296.00,3.45,1.00,1.00,1.08,1.99,2.46,4.94,9.24,32.45,2465.54,0.7651
LCFS-w256,52616,37616430,23347.77,0.00,0.00,594.00,8238.25,12257.00,30374.00,59848.25,352522.25,9294456.00,3.33,1.00,1.00,1.06,1.81,2.22,4.80,9.31,34.44,2466.14,0.7651
LCFS-w512,52616,37616430,23492.63,0.00,0.00,635.50,8500.75,12755.00,32186.50,60004.00,365101.95,9306559.00,3.39,1.00,1.00,1.07,1.86,2.26,4.96,9.53,35.05,2276.30,0.7651
LCFS-w1024,52616,37616430,23492.63,0.00,0.00,635.50,8500.75,12755.00,32186.50,60004.00,365101.95,9306559.00,3.39,1.00,1.00,1.07,1.86,2.26,4.96,9.53,35.05,2276.30,0.7651
WFP3-w2,52616,37600805,49997.90,0.00,0.00,10679.50,57385.00,77505.00,157504.50,235615.75,391631.75,1612652.00,7.51,1.00,1.00,2.47,6.78,8.79,15.35,26.21,81.94,1842.72,0.7654
WFP3-w4,52616,37624516,48096.44,0.00,0.00,9216.00,51416.00,74597.00,156626.50,230792.75,389752.00,1608015.00,6.99,1.00,1.00,2.17,6.45,8.19,13.82,24.63,79.40,1313.73,0.7650
WFP3-w8,52616,37652795,48399.53,0.00,0.00,8871.00,52267.75,76743.00,158396.50,238994.50,383100.10,1556847.00,6.74,1.00,1.00,2.22,6.46,8.22,14.00,22.28,69.67,801.92,0.7644
WFP3-w16,52616,37606177,45473.88,0.00,0.00,9703.50,51515.75,69669.00,142695.00,212834.00,358135.65,1712931.00,6.13,1.00,1.00,2.38,6.35,7.84,12.53,18.92,57.39,738.83,0.7653
WFP3-w32,52616,37615436,42450.90,0.00,0.00,8325.00,44502.50,63183.00,134259.00,194564.25,343934.65,1745816.00,5.44,1.00,1.00,2.20,5.79,7.16,11.31,17.40,48.19,608.61,0.7651
WFP3-w64,52616,37624471,41688.89,0.00,0.00,7700.00,41796.25,59013.00,123428.50,207703.00,341919.85,1744572.00,4.77,1.00,1.00,2.14,5.61,6.97,11.16,15.03,34.10,377.12,0.7650
WFP3-w128,52616,37634755,39652.52,0.00,0.00,7542.00,40033.25,56271.00,120500.50,184780.00,329339.00,1766221.00,4.37,1.00,1.00,2.12,5.48,6.73,10.10,13.33,27.47,191.31,0.7648
WFP3-w256,52616,37634755,37614.88,0.00,0.00,7106.00,36176.50,51509.00,110820.00,168500.50,334798.65,1763773.00,4.04,1.00,1.00,2.05,5.03,6.18,9.23,12.91,25.05,191.31,0.7648
WFP3-w512,52616,37634755,39517.27,0.00,0.00,7161.00,37497.25,53783.00,120923.50,193747.50,334245.00,1758778.00,4.13,1.00,1.00,2.08,5.28,6.53,9.77,12.98,24.47,191.31,0.7648
WFP3-w1024,52616,37634755,39517.27,0.00,0.00,7161.00,37497.25,53783.00,120923.50,193747.50,334245.00,1758778.00,4.13,1.00,1.00,2.08,5.28,6.53,9.77,12.98,24.47,191.31,0.7648
WFP1-w2,52616,37600758,50369.79,0.00,0.00,10667.50,54563.25,77782.00,163428.50,237519.75,403818.85,1639592.00,7.67,1.00,1.00,2.39,7.01,8.66,15.39,25.83,84.91,1842.56,0.7654
WFP1-w4,52616,37581788,49818.22,0.00,0.00,10111.50,51247.75,76061.00,164913.00,248910.50,376249.70,1527707.00,7.24,1.00,1.00,2.28,6.90,8.67,14.76,23.94,75.49,1491.33,0.7658
WFP1-w8,52616,37599701,53903.43,0.00,0.00,11730.00,63333.00,89262.00,179131.00,250822.75,403678.15,1559037.00,7.44,1.00,1.00,2.62,7.34,9.39,15.31,24.97,71.33,976.97,0.7655
WFP1-w16,52616,37589891,50300.51,0.00,0.00,10794.00,56266.75,75151.00,167347.50,241506.50,381488.80,1547487.00,6.68,1.00,1.00,2.48,6.97,8.65,13.90,21.51,62.97,723.66,0.7657
WFP1-w32,52616,37596531,55031.05,0.00,0.00,12515.00,70480.75,94778.00,174893.00,240599.00,381666.55,1688522.00,7.42,1.00,1.00,2.72,8.17,9.96,16.36,28.58,65.42,1267.29,0.7655
WFP1-w64,52616,37599027,52059.50,0.00,0.00,10302.00,58513.75,80447.00,175633.00,242601.25,366770.85,1670070.00,5.85,1.00,1.00,2.55,7.31,8.99,13.26,18.10,43.09,546.30,0.7655
WFP1-w128,52616,37599027,54168.44,0.00,0.00,9702.50,59305.75,83381.00,176685.00,267936.50,399734.90,1669493.00,5.73,1.00,1.00,2.56,7.13,8.66,13.75,18.61,37.10,594.41,0.7655
WFP1-w256,52616,37599027,57403.18,0.00,0.00,9852.00,52747.75,77786.00,197143.00,306243.50,442137.20,1659324.00,5.47,1.00,1.00,2.66,6.99,8.76,13.78,18.52,31.98,269.84,0.7655
WFP1-w512,52616,37599027,54991.73,0.00,0.00,9454.00,51461.00,75671.00,187883.00,285594.75,415849.15,1655923.00,5.22,1.00,1.00,2.60,6.84,8.50,13.32,17.25,30.63,269.84,0.7655
WFP1-w1024,52616,37599027,55142.33,0.00,0.00,9327.00,51590.25,75942.00,186004.00,282022.50,425036.65,1655923.00,5.25,1.00,1.00,2.60,6.85,8.52,13.36,17.58,30.63,269.84,0.7655
FCSJ-w2,52616,37590097,48831.45,0.00,0.00,12018.50,58343.25,73963.00,154508.00,214705.00,375920.30,1609760.00,7.63,1.00,1.00,2.57,7.23,9.03,16.59,26.05,79.98,1807.02,0.7657
FCSJ-w4,52616,37622692,43922.46,0.00,0.00,9950.00,47126.00,63725.00,129545.50,210182.25,376583.40,1694114.00,6.98,1.00,1.00,2.17,6.22,8.07,15.40,24.51,76.19,1315.67,0.7650
FCSJ-w8,52616,37693299,42988.13,0.00,0.00,8835.50,44045.25,62355.00,129718.00,205480.50,417328.00,1634830.00,6.77,1.00,1.00,2.04,6.00,7.65,14.02,26.50,66.59,1133.73,0.7636
FCSJ-w16,52616,37658197,38240.36,0.00,0.00,8154.00,38752.50,53322.00,113399.50,171385.00,348179.00,1723538.00,5.40,1.00,1.00,2.03,5.44,6.75,10.26,17.11,54.98,551.93,0.7643
FCSJ-w32,52616,37703124,34453.99,0.00,0.00,6632.00,34377.75,47883.00,96243.50,152611.25,326863.10,1799673.00,4.49,1.00,1.00,1.93,4.58,5.64,8.86,14.20,39.98,356.50,0.7634
FCSJ-w64,52616,37703124,33715.46,0.00,0.00,6121.50,30495.00,42446.00,91402.00,160382.00,327287.25,1799902.00,3.85,1.00,1.00,1.88,4.24,5.39,8.52,11.99,26.69,269.24,0.7634
FCSJ-w128,52616,37703124,32087.58,0.00,0.00,5539.00,28661.00,39510.00,83552.00,152458.75,346632.10,1834140.00,3.55,1.00,1.00,1.83,4.09,4.92,7.82,10.61,23.08,191.31,0.7634
FCSJ-w256,52616,37703124,33008.49,0.00,0.00,5895.00,26814.25,38451.00,90141.50,163280.00,334696.15,1851652.00,3.49,1.00,1.00,1.87,4.24,5.04,7.93,10.22,19.48,191.31,0.7634
FCSJ-w512,52616,37703124,33287.24,0.00,0.00,5398.50,27887.50,39512.00,87544.50,166822.00,351905.80,1845234.00,3.44,1.00,1.00,1.82,4.11,4.95,8.04,10.60,18.61,191.31,0.7634
FCSJ-w1024,52616,37703124,33287.24,0.00,0.00,5398.50,27887.50,39512.00,87544.50,166822.00,351905.80,1845234.00,3.44,1.00,1.00,1.82,4.11,4.95,8.04,10.60,18.61,191.31,0.7634
FAT-w2,52616,37600592,50125.22,0.00,0.00,10718.00,57362.25,77986.00,154451.00,235695.75,415462.25,1611751.00,7.66,1.00,1.00,2.38,6.80,8.65,15.18,25.94,84.33,1842.01,0.7655
FAT-w4,52616,37550683,50764.39,0.00,0.00,10546.00,54632.00,76426.00,167101.00,252566.25,387535.60,1599161.00,7.51,1.00,1.00,2.38,7.11,9.27,15.10,24.85,81.64,1670.69,0.7665
FAT-w8,52616,37536287,57277.16,0.00,0.00,13265.00,66340.50,90315.00,185979.50,270346.25,425525.55,1495267.00,8.31,1.00,1.00,2.81,8.21,10.41,18.33,28.79,78.81,1324.04,0.7668
FAT-w16,52616,37569216,54605.59,0.00,0.00,12387.50,67603.25,90047.00,169096.50,258574.00,403571.70,1599004.00,8.20,1.00,1.00,2.55,7.81,9.77,17.47,35.59,77.68,1272.00,0.7661
FAT-w32,52616,37548866,57223.77,0.00,0.00,12954.00,71071.25,96082.00,181839.50,256039.00,415726.85,1640781.00,7.76,1.00,1.00,2.96,7.81,9.66,16.64,26.70,72.67,1168.96,0.7665
FAT-w64,52616,37573834,63767.88,0.00,11.00,14924.50,79419.00,103846.00,202271.50,305211.25,440601.90,1524429.00,8.31,1.00,1.00,3.02,9.34,11.69,18.63,31.31,67.45,585.37,0.7660
FAT-w128,52616,37547835,68025.87,0.00,5.00,13124.50,82240.00,118822.00,220706.00,323923.25,480614.85,1596178.00,7.89,1.00,1.00,3.26,9.12,11.27,18.79,27.59,67.36,387.57,0.7665
FAT-w256,52616,37547835,77585.73,0.00,7.00,13149.00,84586.25,128568.00,269965.50,385350.25,575571.80,1728660.00,8.21,1.00,1.00,3.12,10.44,12.86,20.09,27.91,68.64,358.60,0.7665
FAT-w512,52616,37547835,82278.16,0.00,25.00,13117.50,84973.75,123843.00,279256.00,417176.00,760054.90,1623983.00,8.38,1.00,1.00,3.23,9.90,12.56,20.67,31.00,72.98,283.58,0.7665
FAT-w1024,52616,37547835,80664.04,0.00,35.00,13872.00,85390.50,127706.00,279833.00,393354.00,663632.00,1619616.00,8.19,1.00,1.00,3.40,9.87,12.70,19.99,30.19,67.74,283.58,0.7665
UNICEP-w2,52616,37606748,50521.75,0.00,0.00,11949.00,56268.25,77370.00,165269.50,243675.00,364088.75,3766988.00,7.97,1.00,1.00,2.45,7.67,9.59,15.62,26.28,87.76,1751.37,0.7653
UNICEP-w4,52616,37598699,49251.72,0.00,0.00,11122.50,52310.75,70782.00,154321.50,249412.75,373697.80,4126742.00,8.18,1.00,1.00,2.36,7.44,9.28,15.35,25.16,92.51,2125.06,0.7655
UNICEP-w8,52616,37584898,44661.99,0.00,0.00,8563.50,46396.50,63759.00,139759.00,212996.25,362728.85,4658575.00,8.01,1.00,1.00,2.09,6.31,8.11,14.15,24.54,89.82,2079.06,0.7658
UNICEP-w16,52616,37553272,40384.30,0.00,0.00,6690.50,38958.50,54753.00,108224.50,191046.00,364369.35,8735478.00,8.44,1.00,1.00,1.77,5.32,7.05,14.23,28.53,94.11,2327.63,0.7664
UNICEP-w32,52616,37549228,34932.46,0.00,0.00,3410.00,24745.00,36480.00,86504.50,164428.00,349613.30,8809851.00,7.69,1.00,1.00,1.33,4.09,5.41,11.36,22.18,93.55,2348.29,0.7665
UNICEP-w64,52616,37573471,34896.65,0.00,0.00,2240.50,19521.25,29645.00,68515.50,158885.25,432817.70,8877470.00,8.66,1.00,1.00,1.22,3.23,4.59,12.91,28.32,92.93,2367.07,0.7660
UNICEP-w128,52616,37574688,37098.70,0.00,0.00,1787.00,16355.00,24328.00,59455.50,121718.25,591296.80,8877482.00,9.67,1.00,1.00,1.17,2.93,4.28,11.24,20.90,105.24,2367.07,0.7660
UNICEP-w256,52616,37574688,35353.31,0.00,0.00,1062.00,10785.00,15295.00,37589.50,76486.50,659908.60,8877482.00,8.14,1.00,1.00,1.11,2.12,2.77,6.77,14.98,103.84,2367.07,0.7660
UNICEP-w512,52616,37574688,35414.87,0.00,0.00,1064.00,10885.00,16153.00,40728.50,77748.50,651971.55,8877482.00,8.34,1.00,1.00,1.10,2.11,2.77,7.24,17.24,105.62,2367.07,0.7660
UNICEP-w1024,52616,37574688,35556.64,0.00,0.00,980.00,10810.00,16086.00,41165.00,77678.50,659912.05,8877482.00,8.32,1.00,1.00,1.09,2.06,2.70,7.19,17.85,105.72,2367.07,0.7660
F1-w2,52616,37611467,46676.85,0.00,0.00,11471.00,50807.00,70583.00,145414.50,221759.75,361758.45,2547652.00,7.34,1.00,1.00,2.37,6.84,8.77,14.89,24.15,83.91,1061.61,0.7652
F1-w4,52616,37610778,41582.47,0.00,0.00,9012.50,44151.25,61063.00,121997.00,215764.25,331421.20,3485478.00,6.81,1.00,1.00,2.06,6.08,7.68,13.16,22.13,78.75,1724.61,0.7652
F1-w8,52616,37642194,32583.49,0.00,0.00,5571.50,30536.00,41427.00,91472.00,154258.75,309288.15,3627891.00,5.62,1.00,1.00,1.62,4.42,5.65,10.60,17.72,66.02,1404.16,0.7646
F1-w16,52616,37645278,29322.85,0.00,0.00,3808.00,24857.75,35400.00,73536.50,131722.75,298383.65,4523368.00,5.37,1.00,1.00,1.43,3.76,4.81,9.47,17.81,60.74,2019.68,0.7645
F1-w32,52616,37659763,23405.16,0.00,0.00,1857.00,13267.50,19082.00,48136.00,92006.25,269348.85,4674902.00,4.38,1.00,1.00,1.21,2.52,3.21,6.45,11.89,45.72,2445.20,0.7642
F1-w64,52616,37688105,20850.00,0.00,0.00,1020.50,10135.50,14372.00,36411.00,67041.75,317747.45,4660381.00,3.83,1.00,1.00,1.12,2.05,2.60,4.87,9.50,39.34,2445.20,0.7637
F1-w128,52616,37688105,19807.43,0.00,0.00,788.50,9046.00,12772.00,30479.50,57977.75,319794.45,4726571.00,3.59,1.00,1.00,1.10,1.96,2.31,4.16,7.67,34.20,2445.20,0.7637
F1-w256,52616,37688105,19652.49,0.00,0.00,756.00,8993.25,12548.00,29593.00,56020.50,319794.45,4726571.00,3.56,1.00,1.00,1.09,1.93,2.26,4.06,7.39,34.20,2445.20,0.7637
F1-w512,52616,37688105,19663.78,0.00,0.00,755.00,8998.25,12546.00,29734.00,56020.50,319794.45,4726571.00,3.56,1.00,1.00,1.09,1.93,2.27,4.05,7.40,34.20,2445.20,0.7637
F1-w1024,52616,37688105,19663.78,0.00,0.00,755.00,8998.25,12546.00,29734.00,56020.50,319794.45,4726571.00,3.56,1.00,1.00,1.09,1.93,2.27,4.05,7.40,34.20,2445.20,0.7637
F2-w2,52616,37611467,48276.82,0.00,0.00,10368.50,52970.75,72026.00,159610.50,229500.25,361340.70,2318611.00,7.39,1.00,1.00,2.33,6.89,8.82,14.84,25.54,85.48,1061.61,0.7652
F2-w4,52616,37613040,40842.09,0.00,0.00,8821.00,42001.50,56221.00,125925.50,210370.25,324612.95,2329961.00,6.43,1.00,1.00,1.97,5.99,7.72,13.97,21.16,68.66,1732.15,0.7652
F2-w8,52616,37640047,32765.70,0.00,0.00,5349.00,30935.00,43709.00,94397.00,161300.75,301154.40,3349124.00,5.35,1.00,1.00,1.61,4.70,5.86,10.48,17.39,61.19,1246.10,0.7646
F2-w16,52616,37658661,27358.97,0.00,0.00,3697.00,22419.75,32232.00,66548.50,113602.50,302956.60,4973052.00,4.62,1.00,1.00,1.41,3.68,4.65,8.53,15.73,52.61,1004.11,0.7643
F2-w32,52616,37675790,22324.45,0.00,0.00,1843.00,14171.25,20476.00,44284.00,85374.75,252679.90,8983025.00,3.42,1.00,1.00,1.19,2.55,3.23,5.92,10.77,33.45,1003.85,0.7639
F2-w64,52616,37675908,20572.38,0.00,0.00,1183.00,10048.25,14502.00,36378.00,68845.75,282117.90,9238750.00,2.82,1.00,1.00,1.12,2.10,2.66,4.84,8.07,26.25,579.14,0.7639
F2-w128,52616,37675908,18858.45,0.00,0.00,857.00,9068.25,12785.00,29324.50,53246.25,299224.85,9239665.00,2.50,1.00,1.00,1.10,1.96,2.31,4.00,6.84,22.16,579.14,0.7639
F2-w256,52616,37675908,18770.87,0.00,0.00,816.00,8895.00,12326.00,28251.00,53162.75,301600.25,9239665.00,2.49,1.00,1.00,1.10,1.94,2.28,3.99,6.78,22.16,579.14,0.7639
F2-w512,52616,37675908,18775.08,0.00,0.00,812.00,8870.25,12300.00,28424.50,53162.75,301618.25,9239665.00,2.49,1.00,1.00,1.10,1.94,2.28,3.98,6.77,22.16,579.14,0.7639
F2-w1024,52616,37675908,18775.08,0.00,0.00,812.00,8870.25,12300.00,28424.50,53162.75,301618.25,9239665.00,2.49,1.00,1.00,1.10,1.94,2.28,3.98,6.77,22.16,579.14,0.7639
F3-w2,52616,37611467,46749.40,0.00,0.00,9806.00,51121.50,69918.00,156464.50,220042.00,355230.00,2003907.00,7.20,1.00,1.00,2.21,6.73,8.84,14.55,24.76,82.61,1061.61,0.7652
F3-w4,52616,37613040,40901.94,0.00,0.00,9081.00,42130.25,56295.00,122392.50,210894.25,332536.20,2328245.00,6.39,1.00,1.00,2.01,5.75,7.42,13.20,21.58,70.20,1732.15,0.7652
F3-w8,52616,37640047,31669.56,0.00,0.00,5333.00,30551.00,42154.00,85703.50,149666.50,303032.75,3332426.00,5.28,1.00,1.00,1.63,4.46,5.64,10.49,17.93,59.00,1246.10,0.7646
F3-w16,52616,37658661,27135.34,0.00,0.00,3595.00,21962.50,30707.00,67588.00,120960.50,282275.30,4422151.00,4.56,1.00,1.00,1.42,3.56,4.46,8.50,14.63,50.31,1004.11,0.7643
F3-w32,52616,37650529,22567.42,0.00,0.00,1957.00,13152.00,19073.00,46969.50,94508.75,238586.80,7062825.00,3.43,1.00,1.00,1.21,2.57,3.24,5.99,10.48,36.75,1003.85,0.7644
F3-w64,52616,37650529,20929.06,0.00,0.00,1130.50,10296.00,14382.00,36138.00,72356.25,253301.75,7602595.00,2.65,1.00,1.00,1.12,2.08,2.57,4.78,7.95,26.16,224.87,0.7644
F3-w128,52616,37650529,19447.64,0.00,0.00,703.50,8623.00,11747.00,25803.50,55377.50,292682.05,7740521.00,2.26,1.00,1.00,1.08,1.89,2.16,3.99,6.42,19.65,224.87,0.7644
F3-w256,52616,37650529,19423.09,0.00,0.00,674.00,8940.00,12015.00,24764.00,53268.50,288169.60,8242201.00,2.23,1.00,1.00,1.08,1.90,2.17,3.90,6.14,18.38,224.87,0.7644
F3-w512,52616,37650529,19436.52,0.00,0.00,668.00,8863.50,11950.00,24949.50,53268.50,297044.70,8242201.00,2.23,1.00,1.00,1.08,1.90,2.17,3.90,6.13,18.43,224.87,0.7644
F3-w1024,52616,37650529,19436.52,0.00,0.00,668.00,8863.50,11950.00,24949.50,53268.50,297044.70,8242201.00,2.23,1.00,1.00,1.08,1.90,2.17,3.90,6.13,18.43,224.87,0.7644
F4-w2,52616,37611467,48196.22,0.00,0.00,9263.00,51281.75,70896.00,160950.50,241743.50,360147.15,1998439.00,7.18,1.00,1.00,2.26,6.69,8.56,14.27,23.30,83.70,1359.66,0.7652
F4-w4,52616,37613040,39068.32,0.00,0.00,8063.50,38900.00,53752.00,112993.00,201581.75,344112.10,2019287.00,6.15,1.00,1.00,1.99,5.35,6.90,12.34,21.41,67.33,1732.15,0.7652
F4-w8,52616,37640047,33349.77,0.00,0.00,5659.50,32620.00,45507.00,96643.50,161611.50,307259.85,3330953.00,5.23,1.00,1.00,1.72,4.54,5.87,9.89,16.31,59.26,1246.10,0.7646
F4-w16,52616,37648817,28195.38,0.00,0.00,3686.00,23131.25,32490.00,73260.00,124153.25,290670.55,4422151.00,4.35,1.00,1.00,1.46,3.67,4.65,8.48,13.36,44.73,1042.73,0.7645
F4-w32,52616,37650295,22569.55,0.00,0.00,2063.50,13566.25,19081.00,46953.00,93579.50,259157.50,3919281.00,3.16,1.00,1.00,1.24,2.51,3.15,6.17,9.57,30.01,1011.43,0.7644
F4-w64,52616,37649247,21313.58,0.00,0.00,1281.00,10846.00,15437.00,37660.50,70515.75,280086.95,7601559.00,2.58,1.00,1.00,1.15,2.18,2.71,4.63,7.10,24.33,269.90,0.7645
F4-w128,52616,37649247,20469.39,0.00,0.00,1083.00,9406.00,13241.00,27792.50,50496.75,298034.60,8122404.00,2.25,1.00,1.00,1.13,2.00,2.36,3.99,6.31,16.68,193.66,0.7645
F4-w256,52616,37649247,19659.03,0.00,0.00,1119.50,9112.00,12856.00,26715.50,50987.25,295938.65,7472547.00,2.24,1.00,1.00,1.13,2.00,2.34,3.90,5.99,16.75,193.66,0.7645
F4-w512,52616,37649247,19662.16,0.00,0.00,1109.00,9098.50,12829.00,26892.00,50987.25,297613.60,7472547.00,2.24,1.00,1.00,1.13,2.00,2.34,3.89,5.99,16.75,193.66,0.7645
F4-w1024,52616,37649247,19662.16,0.00,0.00,1109.00,9098.50,12829.00,26892.00,50987.25,297613.60,7472547.00,2.24,1.00,1.00,1.13,2.00,2.34,3.89,5.99,16.75,193.66,0.7645
