System,Metric,Job_Class,Baseline_Tag,Driver,Raw_Tag,Direction,Count,P25,P50,P75,Mean,P25_Change_vs_Baseline_Pct,P50_Change_vs_Baseline_Pct,P75_Change_vs_Baseline_Pct,Mean_Change_vs_Baseline_Pct
Theta 2021,Wait_Time_hours,S,WFP,RLScheduler,RLScheduler,lower_is_better,19733,7.5700,11.2172,16.7339,13.8999,-219.88,-54.55,-0.01,-16.46
Theta 2021,Wait_Time_hours,S,WFP,Random,Random,lower_is_better,12756,0.2360,0.9160,3.3186,3.1240,90.03,87.38,80.17,73.83
Theta 2021,Wait_Time_hours,S,WFP,WFP,WFP,lower_is_better,18015,2.3665,7.2578,16.7322,11.9358,0.00,0.00,0.00,0.00
Theta 2021,Wait_Time_hours,S,WFP,MARS-CW,MARS-CW,lower_is_better,12088,0.1228,0.5069,2.2361,2.5213,94.81,93.02,86.64,78.88
Theta 2021,Wait_Time_hours,S,WFP,MARS-CU,MARS-CU,lower_is_better,14512,0.3941,1.5615,5.0032,4.4984,83.35,78.48,70.10,62.31
Theta 2021,Wait_Time_hours,S,WFP,FCFS,FCFS,lower_is_better,17332,3.0578,12.7575,34.8777,22.3162,-29.21,-75.78,-108.45,-86.97
Theta 2021,Wait_Time_hours,S,WFP,SJF,SJF,lower_is_better,11964,0.2721,0.9283,2.7694,2.9969,88.50,87.21,83.45,74.89
Theta 2021,Wait_Time_hours,S,WFP,F1,F1,lower_is_better,11201,0.1744,0.5725,1.6669,1.8026,92.63,92.11,90.04,84.90
Theta 2021,Wait_Time_hours,M,WFP,RLScheduler,RLScheduler,lower_is_better,8449,8.9322,13.1231,23.1225,23.3174,-54.24,2.59,28.60,10.27
Theta 2021,Wait_Time_hours,M,WFP,Random,Random,lower_is_better,6210,0.4789,1.8718,5.3510,4.1078,91.73,86.11,83.48,84.19
Theta 2021,Wait_Time_hours,M,WFP,WFP,WFP,lower_is_better,7967,5.7911,13.4714,32.3828,25.9851,0.00,0.00,0.00,0.00
Theta 2021,Wait_Time_hours,M,WFP,MARS-CW,MARS-CW,lower_is_better,5911,0.1986,0.9383,4.4251,4.3600,96.57,93.03,86.33,83.22
Theta 2021,Wait_Time_hours,M,WFP,MARS-CU,MARS-CU,lower_is_better,6729,0.7792,3.1903,9.3750,7.2612,86.55,76.32,71.05,72.06
Theta 2021,Wait_Time_hours,M,WFP,FCFS,FCFS,lower_is_better,7661,7.3256,25.7258,58.4411,39.2380,-26.50,-90.97,-80.47,-51.00
Theta 2021,Wait_Time_hours,M,WFP,SJF,SJF,lower_is_better,6086,0.4516,1.6818,5.4997,4.1735,92.20,87.52,83.02,83.94
Theta 2021,Wait_Time_hours,M,WFP,F1,F1,lower_is_better,5671,0.3460,1.4656,3.8929,3.0466,94.03,89.12,87.98,88.28
Theta 2021,Wait_Time_hours,L,WFP,RLScheduler,RLScheduler,lower_is_better,4776,12.3575,24.7664,85.5099,145.9595,-26.44,13.05,-4.74,-132.36
Theta 2021,Wait_Time_hours,L,WFP,Random,Random,lower_is_better,4125,1.7167,5.8197,14.6928,11.1100,82.44,79.57,82.00,82.31
Theta 2021,Wait_Time_hours,L,WFP,WFP,WFP,lower_is_better,4637,9.7736,28.4828,81.6386,62.8171,0.00,0.00,0.00,0.00
Theta 2021,Wait_Time_hours,L,WFP,MARS-CW,MARS-CW,lower_is_better,3900,0.7497,3.4450,12.7966,24.5854,92.33,87.90,84.33,60.86
Theta 2021,Wait_Time_hours,L,WFP,MARS-CU,MARS-CU,lower_is_better,4218,2.2997,9.3029,21.7276,16.9725,76.47,67.34,73.39,72.98
Theta 2021,Wait_Time_hours,L,WFP,FCFS,FCFS,lower_is_better,4525,16.7506,54.7725,100.6869,66.9745,-71.39,-92.30,-23.33,-6.62
Theta 2021,Wait_Time_hours,L,WFP,SJF,SJF,lower_is_better,3964,1.1883,4.4104,14.4569,139.8845,87.84,84.52,82.29,-122.69
Theta 2021,Wait_Time_hours,L,WFP,F1,F1,lower_is_better,3925,1.3514,4.4564,10.9211,8.6721,86.17,84.35,86.62,86.19
Theta 2021,Wait_Time_hours,XL,WFP,RLScheduler,RLScheduler,lower_is_better,1209,40.6317,145.5622,870.2147,679.3209,-80.00,-158.10,-525.16,-597.72
Theta 2021,Wait_Time_hours,XL,WFP,Random,Random,lower_is_better,1176,15.1258,61.9142,285.1612,393.7685,32.99,-9.78,-104.86,-304.43
Theta 2021,Wait_Time_hours,XL,WFP,WFP,WFP,lower_is_better,1191,22.5728,56.3975,139.1985,97.3635,0.00,0.00,0.00,0.00
Theta 2021,Wait_Time_hours,XL,WFP,MARS-CW,MARS-CW,lower_is_better,1152,7.8634,33.2833,249.3394,969.3948,65.16,40.98,-79.13,-895.64
Theta 2021,Wait_Time_hours,XL,WFP,MARS-CU,MARS-CU,lower_is_better,1188,20.8339,73.1553,222.1612,254.3797,7.70,-29.71,-59.60,-161.27
Theta 2021,Wait_Time_hours,XL,WFP,FCFS,FCFS,lower_is_better,1187,44.9306,100.5989,164.4822,114.7580,-99.05,-78.37,-18.16,-17.87
Theta 2021,Wait_Time_hours,XL,WFP,SJF,SJF,lower_is_better,1153,7.2836,17.4933,501.4628,450.3082,67.73,68.98,-260.25,-362.50
Theta 2021,Wait_Time_hours,XL,WFP,F1,F1,lower_is_better,1169,14.1925,53.8406,323.3486,507.2958,37.13,4.53,-132.29,-421.03
Polaris 2024,Wait_Time_hours,S,WFP,RLScheduler,RLScheduler,lower_is_better,17972,1.0672,2.5646,5.7414,4.4133,-117.65,-51.69,-43.82,-16.16
Polaris 2024,Wait_Time_hours,S,WFP,Random,Random,lower_is_better,10587,0.2363,0.8614,2.3883,1.9517,51.82,49.05,40.17,48.63
Polaris 2024,Wait_Time_hours,S,WFP,WFP,WFP,lower_is_better,13618,0.4903,1.6907,3.9919,3.7992,0.00,0.00,0.00,0.00
Polaris 2024,Wait_Time_hours,S,WFP,MARS-CW,MARS-CW,lower_is_better,10579,0.1244,0.5669,1.8317,1.9689,74.62,66.47,54.12,48.18
Polaris 2024,Wait_Time_hours,S,WFP,MARS-CU,MARS-CU,lower_is_better,12303,0.2644,1.1356,3.1897,2.6078,46.07,32.83,20.10,31.36
Polaris 2024,Wait_Time_hours,S,WFP,FCFS,FCFS,lower_is_better,14220,0.8168,2.9049,8.2026,5.7632,-66.58,-71.81,-105.48,-51.69
Polaris 2024,Wait_Time_hours,S,WFP,SJF,SJF,lower_is_better,10379,0.2136,0.7847,2.2843,1.9353,56.44,53.59,42.78,49.06
Polaris 2024,Wait_Time_hours,S,WFP,F1,F1,lower_is_better,9167,0.1747,0.6447,1.8829,1.4566,64.37,61.87,52.83,61.66
Polaris 2024,Wait_Time_hours,M,WFP,RLScheduler,RLScheduler,lower_is_better,13304,2.4542,5.1392,9.7900,7.5010,-33.99,16.56,46.15,44.41
Polaris 2024,Wait_Time_hours,M,WFP,Random,Random,lower_is_better,12937,0.8258,2.4856,5.8833,4.2193,54.91,59.64,67.64,68.73
Polaris 2024,Wait_Time_hours,M,WFP,WFP,WFP,lower_is_better,13807,1.8317,6.1589,18.1796,13.4943,0.00,0.00,0.00,0.00
Polaris 2024,Wait_Time_hours,M,WFP,MARS-CW,MARS-CW,lower_is_better,12690,0.4212,1.9551,6.2397,4.8904,77.01,68.26,65.68,63.76
Polaris 2024,Wait_Time_hours,M,WFP,MARS-CU,MARS-CU,lower_is_better,13282,0.9810,2.9742,7.2624,5.3743,46.44,51.71,60.05,60.17
Polaris 2024,Wait_Time_hours,M,WFP,FCFS,FCFS,lower_is_better,13806,2.2462,7.5439,19.1910,14.0472,-22.63,-22.49,-5.56,-4.10
Polaris 2024,Wait_Time_hours,M,WFP,SJF,SJF,lower_is_better,12963,0.8192,3.0928,7.9626,5.7204,55.28,49.78,56.20,57.61
Polaris 2024,Wait_Time_hours,M,WFP,F1,F1,lower_is_better,12436,0.6811,2.0954,4.8403,3.5141,62.81,65.98,73.38,73.96
Polaris 2024,Wait_Time_hours,L,WFP,RLScheduler,RLScheduler,lower_is_better,6263,2.8315,7.1022,17.3754,24.1010,-4.64,30.37,46.15,16.82
Polaris 2024,Wait_Time_hours,L,WFP,Random,Random,lower_is_better,6149,1.7561,6.6308,18.1692,16.9812,35.10,34.99,43.69,41.40
Polaris 2024,Wait_Time_hours,L,WFP,WFP,WFP,lower_is_better,6434,2.7060,10.2004,32.2635,28.9758,0.00,0.00,0.00,0.00
Polaris 2024,Wait_Time_hours,L,WFP,MARS-CW,MARS-CW,lower_is_better,6024,0.8942,4.0222,15.2108,33.7989,66.96,60.57,52.85,-16.65
Polaris 2024,Wait_Time_hours,L,WFP,MARS-CU,MARS-CU,lower_is_better,6219,1.9390,7.4172,24.1062,19.5239,28.34,27.29,25.28,32.62
Polaris 2024,Wait_Time_hours,L,WFP,FCFS,FCFS,lower_is_better,6442,4.4885,17.0800,60.3235,36.7815,-65.87,-67.44,-86.97,-26.94
Polaris 2024,Wait_Time_hours,L,WFP,SJF,SJF,lower_is_better,6202,1.3214,4.8833,14.9957,32.4132,51.17,52.13,53.52,-11.86
Polaris 2024,Wait_Time_hours,L,WFP,F1,F1,lower_is_better,5989,1.4856,5.1289,14.2108,13.3735,45.10,49.72,55.95,53.85
Polaris 2024,Wait_Time_hours,XL,WFP,RLScheduler,RLScheduler,lower_is_better,1160,6.1373,15.2546,41.4929,88.0088,-4.50,-15.17,-12.23,-137.62
Polaris 2024,Wait_Time_hours,XL,WFP,Random,Random,lower_is_better,1304,11.1116,41.9606,150.1526,102.9865,-89.19,-216.80,-306.13,-178.05
Polaris 2024,Wait_Time_hours,XL,WFP,WFP,WFP,lower_is_better,1315,5.8732,13.2453,36.9717,37.0383,0.00,0.00,0.00,0.00
Polaris 2024,Wait_Time_hours,XL,WFP,MARS-CW,MARS-CW,lower_is_better,1314,5.8176,17.9201,76.8526,115.3337,0.95,-35.29,-107.87,-211.39
Polaris 2024,Wait_Time_hours,XL,WFP,MARS-CU,MARS-CU,lower_is_better,1297,10.2064,38.9508,135.5964,85.8181,-73.78,-194.07,-266.76,-131.70
Polaris 2024,Wait_Time_hours,XL,WFP,FCFS,FCFS,lower_is_better,1304,11.9559,36.0094,84.9190,56.3130,-103.57,-171.87,-129.69,-52.04
Polaris 2024,Wait_Time_hours,XL,WFP,SJF,SJF,lower_is_better,1313,3.8958,10.2539,40.7772,65.0100,33.67,22.58,-10.29,-75.52
Polaris 2024,Wait_Time_hours,XL,WFP,F1,F1,lower_is_better,1315,9.2700,30.5219,108.6260,101.4404,-57.84,-130.44,-193.81,-173.88
